name,place,n_segments,length_km,median_dist_m,p90_dist_m
Gonterskirchen,village,476,131.81472780134138,1134.3125646818341,2795.1394315501716
Freienseen,village,452,104.5239885235177,1366.8441049061798,2869.0824006338435
Wetterfeld,village,837,102.24139273082972,1642.3347486539003,2466.617836877722
Altenhain,village,216,86.72455968141509,1271.3793139600957,2856.621414822921
Friedrichshütte,hamlet,429,73.11258810513799,2118.7095877900065,2678.959173716917
Lauter,village,235,61.28929239597794,921.777083565277,1890.090137604144
Ruppertsburg,village,199,46.8383686748803,487.1444069753046,1323.7945642641432
Röthges,village,115,32.00156890911933,650.9692340487981,1343.9198649014004
Münster,village,151,31.65214338373815,584.8356526709457,1084.4597101350655
